이름,월,주,몸무게
지완,1월,1주,70
찬준,1월,1주,60
지완,1월,2주,69
찬준,1월,2주,59
지완,1월,3주,69
찬준,1월,3주,59
지완,1월,4주,69
찬준,1월,4주,59
지완,2월,1주,69
찬준,2월,1주,59
지완,2월,2주,68
찬준,2월,2주,58
지완,2월,3주,67
찬준,2월,3주,57
지완,2월,4주,66
찬준,2월,4주,56
지완,3월,1주,66
찬준,3월,1주,56
지완,3월,2주,66
찬준,3월,2주,56
지완,3월,3주,65
찬준,3월,3주,55
지완,3월,4주,64
찬준,3월,4주,54
지완,4월,1주,63
찬준,4월,1주,53
지완,4월,2주,63
찬준,4월,2주,53
지완,4월,3주,63
찬준,4월,3주,53
지완,4월,4주,62
찬준,4월,4주,52
